Workbook

Sheet overall
B1: Pulses
A2: 2005-06 | B2: 451626.06
A3: 2006-07 | B3: 255084.47
A4: 2007-08 | B4: 170614.39
A5: 2008-09 | B5: 136880.08
A6: 2009-10 | B6: 100130.94
A7: 2010-11 | B7: 209010.49
A8: 2011-12 | B8: 174625.19
A9: 2012-13 | B9: 202751.36
A10: 2013-14 | B10: 345276.73
A11: 2014-15 | B11: 222262.07
A12: 2015-16 | B12: 256051.91
A13: 2016-17 | B13: 136968.03
... A21: 2024-25 | B21: 793291.42

Sheet 2005-25
A1: YEAR | B1: T | C1: PULSES (Quantity in MT) | E1: log
A2: 2005-06 | B2: 1 | C2: =AVERAGE(overall!B2:B4) -> 292441.64 | E2: =LOG(C2) -> 5.4660392 | G2: SUMMARY OUTPUT
A3: 2006-07 | B3: 2 | C3: 255084.47 | E3: =LOG(C3) -> 5.406684
A4: 2007-08 | B4: 3 | C4: 170614.39 | E4: =LOG(C4) -> 5.2320157 | G4: Regression Statistics
A5: 2008-09 | B5: 4 | C5: 136880.08 | E5: =LOG(C5) -> 5.1363403 | G5: Multiple R | H5: 0.67545509
A6: 2009-10 | B6: 5 | C6: 100130.94 | E6: =LOG(C6) -> 5.0005683 | G6: R Square | H6: 0.45623957
A7: 2010-11 | B7: 6 | C7: 209010.49 | E7: =LOG(C7) -> 5.3201681 | G7: Adjusted R Square | H7: 0.42603066
A8: 2011-12 | B8: 7 | C8: 174625.19 | E8: =LOG(C8) -> 5.2421069 | G8: Standard Error | H8: 0.18319262
A9: 2012-13 | B9: 8 | C9: 202751.36 | E9: =LOG(C9) -> 5.3069638 | G9: Observations | H9: 20
A10: 2013-14 | B10: 9 | C10: 345276.73 | E10: =LOG(C10) -> 5.5381673
A11: 2014-15 | B11: 10 | C11: 222262.07 | E11: =LOG(C11) -> 5.3468654 | G11: ANOVA
A12: 2015-16 | B12: 11 | C12: 256051.91 | E12: =LOG(C12) -> 5.408328 | H12: df | I12: SS | J12: MS | K12: F | L12: Significance F
A13: 2016-17 | B13: 12 | C13: 136968.03 | E13: =LOG(C13) -> 5.1366192 | G13: Regression | H13: 1 | I13: 0.50684341 | J13: 0.50684341 | K13: 15.102813 | L13: 0.0010821089
A14: 2017-18 | B14: 13 | C14: 180193.86 | E14: =LOG(C14) -> 5.25574 | G14: Residual | H14: 18 | I14: 0.60407165 | J14: 0.033559536
A15: 2018-19 | B15: 14 | C15: 289617.95 | E15: =LOG(C15) -> 5.4618255 | G15: Total | H15: 19 | I15: 1.1109151
A16: 2019-20 | B16: 15 | C16: 235699.03 | E16: =LOG(C16) -> 5.3723578
A17: 2020-21 | B17: 16 | C17: 296169.8 | E17: =LOG(C17) -> 5.4715408 | H17: Coefficients | I17: Standard Error | J17: t Stat | K17: P-value | L17: Lower 95% | M17: Upper 95% | N17: Lower 95.0% | O17: Upper 95.0%
A18: 2021-22 | B18: 17 | C18: 410375.86 | E18: =LOG(C18) -> 5.6131818 | G18: Intercept | H18: 5.1251863 | I18: 0.085098735 | J18: 60.226352 | K18: 3.2448017e-22 | L18: 4.9464005 | M18: 5.3039721 | N18: 4.9464005 | O18: 5.3039721
A19: 2022-23 | B19: 18 | C19: 775024.48 | E19: =LOG(C19) -> 5.8893154 | G19: X Variable 1 | H19: 0.027607436 | I19: 0.0071039051 | J19: 3.8862338 | K19: 0.0010821089 | L19: 0.012682686 | M19: 0.042532187 | N19: 0.012682686 | O19: 0.042532187
A20: 2023-24 | B20: 19 | C20: 626653.8 | E20: =LOG(C20) -> 5.7970277
A21: 2024-25 | B21: 20 | C21: 793291.42 | E21: =LOG(C21) -> 5.8994328
A22: Total | C22: =SUM(C2:C21) -> 6109123.5
A23: Mean | C23: =AVERAGE(C2:C21) -> 305456.17
A24: SD | C24: =STDEV(C2:C21) -> 200173.03 | G24: a= | H24: =10^H18 -> 133409.36
A25: CV | C25: =C24/C23*100 -> 65.532487 | G25: antilog of b | H25: =10^H19 -> 1.0656324
A26: RSQ | C26: =RSQ(C2:C21,B2:B21) -> 0.47307834 | G26: CGR | H26: =(H25-1)*100 -> 6.5632449
A27: CUDDY DELLA | C27: =C25*SQRT(1-C26) -> 47.569619

Sheet 2005-15
A1: YEAR | B1: T | C1: PULSES (Quantity in MT) | E1: log
A2: 2005-06 | B2: 1 | C2: =AVERAGE(overall!B2:B4) -> 292441.64 | E2: =LOG(C2) -> 5.4660392 | G2: SUMMARY OUTPUT
A3: 2006-07 | B3: 2 | C3: 255084.47 | E3: =LOG(C3) -> 5.406684
A4: 2007-08 | B4: 3 | C4: 170614.39 | E4: =LOG(C4) -> 5.2320157 | G4: Regression Statistics
A5: 2008-09 | B5: 4 | C5: 136880.08 | E5: =LOG(C5) -> 5.1363403 | G5: Multiple R | H5: 0.1002461
A6: 2009-10 | B6: 5 | C6: 100130.94 | E6: =LOG(C6) -> 5.0005683 | G6: R Square | H6: 0.010049281
A7: 2010-11 | B7: 6 | C7: 209010.49 | E7: =LOG(C7) -> 5.3201681 | G7: Adjusted R Square | H7: -0.11369456
A8: 2011-12 | B8: 7 | C8: 174625.19 | E8: =LOG(C8) -> 5.2421069 | G8: Standard Error | H8: 0.16602073
A9: 2012-13 | B9: 8 | C9: 202751.36 | E9: =LOG(C9) -> 5.3069638 | G9: Observations | H9: 10
A10: 2013-14 | B10: 9 | C10: 345276.73 | E10: =LOG(C10) -> 5.5381673
A11: 2014-15 | B11: 10 | C11: 222262.07 | E11: =LOG(C11) -> 5.3468654 | G11: ANOVA
A12: Total | C12: =SUM(C2:C11) -> 2109077.4 | H12: df | I12: SS | J12: MS | K12: F | L12: Significance F
A13: Mean | C13: =AVERAGE(C2:C11) -> 210907.74 | G13: Regression | H13: 1 | I13: 0.0022383914 | J13: 0.0022383914 | K13: 0.081210351 | L13: 0.78290209
A14: SD | C14: =STDEV(C2:C11) -> 72682.723 | G14: Residual | H14: 8 | I14: 0.22050306 | J14: 0.027562883
A15: CV | C15: =C14/C13*100 -> 34.461857 | G15: Total | H15: 9 | I15: 0.22274145
A16: RSQ | C16: =RSQ(C2:C11,B2:B11) -> 0.0093263317
A17: CUDDY DELLA | C17: =C15*SQRT(1-C16) -> 34.30078 | H17: Coefficients | I17: Standard Error | J17: t Stat | K17: P-value | L17: Lower 95% | M17: Upper 95% | N17: Lower 95.0% | O17: Upper 95.0%
G18: Intercept | H18: 5.2709433 | I18: 0.11341375 | J18: 46.475346 | K18: 5.0775799e-11 | L18: 5.0094107 | M18: 5.5324758 | N18: 5.0094107 | O18: 5.5324758
G19: X Variable 1 | H19: 0.0052088402 | I19: 0.018278281 | J19: 0.2849743 | K19: 0.78290209 | L19: -0.036940951 | M19: 0.047358631 | N19: -0.036940951 | O19: 0.047358631
G22: a= | H22: =10^H18 -> 186613.59
G23: antilog of b | H23: =10^H19 -> 1.012066
G24: CGR | H24: =(H23-1)*100 -> 1.2066012

Sheet 2015-25
A1: YEAR | B1: T | C1: PULSES (QUANTITY IN MT) | E1: log
A2: 2015-16 | B2: 11 | C2: 256051.91 | E2: =LOG(C2) -> 5.408328 | G2: SUMMARY OUTPUT
A3: 2016-17 | B3: 12 | C3: 136968.03 | E3: =LOG(C3) -> 5.1366192
A4: 2017-18 | B4: 13 | C4: 180193.86 | E4: =LOG(C4) -> 5.25574 | G4: Regression Statistics
A5: 2018-19 | B5: 14 | C5: 289617.95 | E5: =LOG(C5) -> 5.4618255 | G5: Multiple R | H5: 0.89126826
A6: 2019-20 | B6: 15 | C6: 235699.03 | E6: =LOG(C6) -> 5.3723578 | G6: R Square | H6: 0.79435911
A7: 2020-21 | B7: 16 | C7: 296169.8 | E7: =LOG(C7) -> 5.4715408 | G7: Adjusted R Square | H7: 0.768654
A8: 2021-22 | B8: 17 | C8: 410375.86 | E8: =LOG(C8) -> 5.6131818 | G8: Standard Error | H8: 0.12639468
A9: 2022-23 | B9: 18 | C9: 775024.48 | E9: =LOG(C9) -> 5.8893154 | G9: Observations | H9: 10
A10: 2023-24 | B10: 19 | C10: 626653.8 | E10: =LOG(C10) -> 5.7970277
A11: 2024-25 | B11: 20 | C11: 793291.42 | E11: =LOG(C11) -> 5.8994328 | G11: ANOVA
A12: Total | C12: =SUM(C2:C11) -> 4000046.1 | H12: df | I12: SS | J12: MS | K12: F | L12: Significance F
A13: Mean | C13: =AVERAGE(C2:C11) -> 400004.61 | G13: Regression | H13: 1 | I13: 0.49369071 | J13: 0.49369071 | K13: 30.902769 | L13: 0.00053527982
A14: SD | C14: =STDEV(C2:C11) -> 243808.31 | G14: Residual | H14: 8 | I14: 0.12780491 | J14: 0.015975614
A15: CV | C15: =C14/C13*100 -> 60.951375 | G15: Total | H15: 9 | I15: 0.62149563
A16: RSQ | C16: =RSQ(C2:C11,B2:B11) -> 0.77007449
A17: CUDDY DELLA | C17: =C15*SQRT(1-C16) -> 29.226519 | H17: Coefficients | I17: Standard Error | J17: t Stat | K17: P-value | L17: Lower 95% | M17: Upper 95% | N17: Lower 95.0% | O17: Upper 95.0%
G18: Intercept | H18: 4.3315009 | I18: 0.21936382 | J18: 19.74574 | K18: 4.5047465e-08 | L18: 3.8256471 | M18: 4.8373548 | N18: 3.8256471 | O18: 4.8373548
G19: X Variable 1 | H19: 0.077357158 | I19: 0.013915596 | J19: 5.5590259 | K19: 0.00053527982 | L19: 0.045267736 | M19: 0.10944658 | N19: 0.045267736 | O19: 0.10944658
G21: a= | H21: =10^H18 -> 21453.638
G22: antilog of b | H22: =10^H19 -> 1.1949704
G23: CGR | H23: =(H22-1)*100 -> 19.497043

Sheet variation
A1: Variation in export of Pulses from India
A2: Year | B2: Total | C2: Mean | D2: SD | E2: CV | F2: RSQ | G2: Cuddy della | H2: CGR | I2: Satisfactory
A3: 2005-2015 | B3: ='2005-15'!C12 -> 2109077.4 | C3: ='2015-25'!C13 -> 400004.61 | D3: ='2015-25'!C13 -> 400004.61 | E3: ='2005-15'!C15 -> 34.461857 | F3: ='2005-15'!C16 -> 0.0093263317 | G3: ='2005-15'!C17 -> 34.30078 | H3: ='2005-15'!H24 -> 1.2066012 | I3: 1.21
A4: 2015-2025 | B4: ='2015-25'!C12 -> 4000046.1 | C4: ='2005-15'!C13 -> 210907.74 | D4: ='2005-15'!C14 -> 72682.723 | E4: ='2015-25'!C15 -> 60.951375 | F4: ='2015-25'!C16 -> 0.77007449 | G4: ='2015-25'!C17 -> 29.226519 | H4: ='2015-25'!H23 -> 19.497043 | I4: 19.50***
A5: 2005-2025 | B5: ='2005-25'!C22 -> 6109123.5 | C5: ='2005-25'!C23 -> 305456.17 | D5: ='2005-25'!C24 -> 200173.03 | E5: ='2005-25'!C25 -> 65.532487 | F5: ='2005-25'!C26 -> 0.47307834 | G5: ='2005-25'!C27 -> 47.569619 | H5: ='2005-25'!H26 -> 6.5632449 | I5: 6.56***
